Column,Total_Rows,Missing_Count,Missing_Percentage
PURITY,141312,141312,100.0
DATA14,141312,141312,100.0
TOX21_ID,141312,141312,100.0
CONC14,141312,141312,100.0
CURVE_CLASS2,141312,72556,51.344542572463766
AC50,141312,72556,51.344542572463766
EFFICACY,141312,72556,51.344542572463766
ZERO_ACTIVITY,141312,72556,51.344542572463766
INF_ACTIVITY,141312,72556,51.344542572463766
HILL_COEF,141312,72556,51.344542572463766
R2,141312,72544,51.33605072463768
PURITY_RATING,141312,28140,19.913383152173914
CONC13,141312,4224,2.989130434782609
DATA13,141312,4224,2.989130434782609
PUBCHEM_SID,141312,3696,2.6154891304347827
CAS,141312,1788,1.2652853260869565
SAMPLE_NAME,141312,1752,1.2398097826086956
DATA0,141312,0,0.0
P_HILL,141312,0,0.0
CONC7,141312,0,0.0
CONC8,141312,0,0.0
CONC9,141312,0,0.0
CONC10,141312,0,0.0
CONC11,141312,0,0.0
CONC12,141312,0,0.0
CONC15,141312,0,0.0
ASSAY_OUTCOME,141312,0,0.0
CONC5,141312,0,0.0
PUBCHEM_CID,141312,0,0.0
SAMPLE_DATA_TYPE,141312,0,0.0
PURITY_RATING_4M,141312,0,0.0
SMILES,141312,0,0.0
PROTOCOL_NAME,141312,0,0.0
CONC6,141312,0,0.0
CONC4,141312,0,0.0
DATA1,141312,0,0.0
CONC3,141312,0,0.0
DATA2,141312,0,0.0
DATA3,141312,0,0.0
DATA4,141312,0,0.0
DATA5,141312,0,0.0
DATA6,141312,0,0.0
DATA7,141312,0,0.0
DATA8,141312,0,0.0
DATA9,141312,0,0.0
DATA10,141312,0,0.0
DATA11,141312,0,0.0
DATA12,141312,0,0.0
SAMPLE_DATA_ID,141312,0,0.0
CHANNEL_OUTCOME,141312,0,0.0
DATA15,141312,0,0.0
CONC0,141312,0,0.0
CONC1,141312,0,0.0
CONC2,141312,0,0.0
SAMPLE_ID,141312,0,0.0
