Endpoint,Number_of_records,Median_pPotency,Assay
1.1,630,-2.206904565625163,Assay 1
1.2,245,-1.600529309933023,Assay 1
1.3,15,-2.147755864832577,Assay 1
1.4,293,-1.3868047575663909,Assay 1
2.1,693,-2.102029541778053,Assay 1
2.2,414,-1.6880390703380324,Assay 1
2.3,9,-1.848929219097228,Assay 1
2.4,710,-1.4698610415725195,Assay 1
3.0,387,-1.6435193010718294,Assay 1
4.0,11623,-1.0210990370104627,Assay 1
5.0,21,-2.0071275371409016,Assay 1
1.1,271,-1.8575117789612074,Assay 2
1.2,871,-1.57657329440598,Assay 2
1.3,65,-1.789032348039211,Assay 2
1.4,1346,-1.396935145166652,Assay 2
2.1,532,-1.980297245857141,Assay 2
2.2,1014,-1.6779695230036094,Assay 2
2.3,105,-1.9050265959243222,Assay 2
2.4,2281,-1.481739925449595,Assay 2
3.0,1202,-1.6881635671168729,Assay 2
4.0,21746,-1.1164096766907243,Assay 2
5.0,74,-1.3935442838850396,Assay 2
